{
  "main": {
    "id": "4dc6bb9d8f1e5226",
    "type": "split",
    "children": [
      {
        "id": "1ff3db75085a9963",
        "type": "tabs",
        "children": [
          {
            "id": "0ef5a4ca1d30d027",
            "type": "leaf",
            "state": {
              "type": "markdown",
              "state": {
                "file": "Deep Reinforcement Learning in Python/4. Proximal Policy Optimization and DRL Tips.md",
                "mode": "source",
                "source": false
              },
              "icon": "lucide-file",
              "title": "4. Proximal Policy Optimization and DRL Tips"
            }
          }
        ]
      }
    ],
    "direction": "vertical"
  },
  "left": {
    "id": "ad4e257174598b68",
    "type": "split",
    "children": [
      {
        "id": "306103fb223aacde",
        "type": "tabs",
        "children": [
          {
            "id": "aefae9139a8c334b",
            "type": "leaf",
            "state": {
              "type": "file-explorer",
              "state": {
                "sortOrder": "alphabetical",
                "autoReveal": false
              },
              "icon": "lucide-folder-closed",
              "title": "Files"
            }
          },
          {
            "id": "9a211840d0acc1e2",
            "type": "leaf",
            "state": {
              "type": "search",
              "state": {
                "query": "",
                "matchingCase": false,
                "explainSearch": false,
                "collapseAll": false,
                "extraContext": false,
                "sortOrder": "alphabetical"
              },
              "icon": "lucide-search",
              "title": "Search"
            }
          },
          {
            "id": "a64b70f1003ce51c",
            "type": "leaf",
            "state": {
              "type": "bookmarks",
              "state": {},
              "icon": "lucide-bookmark",
              "title": "Bookmarks"
            }
          }
        ]
      }
    ],
    "direction": "horizontal",
    "width": 200
  },
  "right": {
    "id": "f23d427f20018286",
    "type": "split",
    "children": [
      {
        "id": "1bcc5767d58199ae",
        "type": "tabs",
        "children": [
          {
            "id": "c12647ba8ae24d96",
            "type": "leaf",
            "state": {
              "type": "backlink",
              "state": {
                "file": "Supervised Learning with scikit-learn/Classification.md",
                "collapseAll": false,
                "extraContext": false,
                "sortOrder": "alphabetical",
                "showSearch": false,
                "searchQuery": "",
                "backlinkCollapsed": false,
                "unlinkedCollapsed": true
              },
              "icon": "links-coming-in",
              "title": "Backlinks for Classification"
            }
          },
          {
            "id": "5fac0b0e450015d1",
            "type": "leaf",
            "state": {
              "type": "outgoing-link",
              "state": {
                "file": "Supervised Learning with scikit-learn/Classification.md",
                "linksCollapsed": false,
                "unlinkedCollapsed": true
              },
              "icon": "links-going-out",
              "title": "Outgoing links from Classification"
            }
          },
          {
            "id": "7b8e2be6774c30d9",
            "type": "leaf",
            "state": {
              "type": "tag",
              "state": {
                "sortOrder": "frequency",
                "useHierarchy": true,
                "showSearch": false,
                "searchQuery": ""
              },
              "icon": "lucide-tags",
              "title": "Tags"
            }
          },
          {
            "id": "7b24b0ba47c8ac23",
            "type": "leaf",
            "state": {
              "type": "outline",
              "state": {
                "file": "DataCamp Applied Finance in Python/Intro. to Portfolio Risk Management in Python/2. Portfolio Investing.md",
                "followCursor": false,
                "showSearch": false,
                "searchQuery": ""
              },
              "icon": "lucide-list",
              "title": "Outline of 2. Portfolio Investing"
            }
          }
        ],
        "currentTab": 3
      }
    ],
    "direction": "horizontal",
    "width": 200,
    "collapsed": true
  },
  "left-ribbon": {
    "hiddenItems": {
      "switcher:Open quick switcher": false,
      "graph:Open graph view": false,
      "canvas:Create new canvas": false,
      "daily-notes:Open today's daily note": false,
      "templates:Insert template": false,
      "command-palette:Open command palette": false,
      "obsidian-excalidraw-plugin:New drawing": false
    }
  },
  "active": "0ef5a4ca1d30d027",
  "lastOpenFiles": [
    "Deep Reinforcement Learning in Python/3. Introduction to Policy Gradient Methods.md",
    "Deep Reinforcement Learning in Python/2. Deep Q-Learning.md",
    "DataCamp ML Fundamentals/Reinforcement Learning with Gymnasium in Python/2. Model-Based Learning.md",
    "DataCamp ML Fundamentals/Reinforcement Learning with Gymnasium in Python/3. Model-Free Learning.md",
    "Deep Reinforcement Learning in Python/1. Introduction to Deep Reinforcement Learning.md",
    "Deep Reinforcement Learning in Python/4. Proximal Policy Optimization and DRL Tips.md",
    "Deep Reinforcement Learning in Python/Untitled",
    "Intro. to Portfolio Risk Management in Python/4. Value at Risk.md",
    "Untitled/desktop.ini",
    "Deep Reinforcement Learning in Python",
    "Intro. to Portfolio Risk Management in Python/2. Portfolio Investing.md",
    "Intro. to Portfolio Risk Management in Python/3. Factor Investing.md",
    "Intro. to Portfolio Risk Management in Python/1. Univariate Investment Risk and Returns.md",
    "DataCamp Applied Finance in Python/Credit Risk Modeling in Python/3. Gradient Boosted Trees Using XGBoost.md",
    "DataCamp Applied Finance in Python/Credit Risk Modeling in Python/4. Model Evaluation and Implementation.md",
    "DataCamp ML Fundamentals/Reinforcement Learning with Gymnasium in Python/1. Introduction to Reinforcement Learning.md",
    "Images/Pasted image 20250729141850.png",
    "Images/Pasted image 20250728083218.png",
    "DataCamp Applied Finance in Python/Quantitative Risk Management/1. Risk and Return Recap.md",
    "DataCamp Applied Finance in Python/GARCH Models in Python/3. Model Performance Evaluation.md",
    "DataCamp Applied Finance in Python/GARCH Models in Python/4. GARCH In Action.md",
    "DataCamp Applied Finance in Python/GARCH Models in Python/2. GARCH Model Configuration.md",
    "DataCamp Applied Finance in Python/GARCH Models in Python/1. GARCH Model Fundamentals.md",
    "DataCamp Applied Finance in Python/GARCH Models in Python",
    "DataCamp Applied Finance in Python/Credit Risk Modeling in Python/2. Logistic Regression for Defaults.md",
    "DataCamp Applied Finance in Python/Credit Risk Modeling in Python/1. Exploring and Preparing Loan Data.md",
    "DataCamp Applied Finance in Python/Quantitative Risk Management/2. Goal-Oriented Risk Management.md",
    "DataCamp Applied Finance in Python/Untitled/desktop.ini",
    "DataCamp Applied Finance in Python/Credit Risk Modeling in Python",
    "DataCamp Applied Finance in Python/Quantitative Risk Management/Advanced Risk Management.md",
    "DataCamp Applied Finance in Python/Quantitative Risk Management/3. Estimating and Identifying Risk.md",
    "DataCamp Applied Finance in Python/Quantitative Risk Management",
    "DataCamp ML Fundamentals/Intro. to Deep Learning with PyTorch/1. Introduction to PyTorch, a Deep Learning Library.md",
    "DataCamp ML Fundamentals/Intro. to Deep Learning with PyTorch/4. Evaluating and Improving Models.md",
    "Intro. to Portfolio Risk Management in Python",
    "DataCamp Applied Finance in Python",
    "DataCamp ML Fundamentals",
    "DataCamp ML Fundamentals/Intro. to Deep Learning with PyTorch/3. Training a Neural Network with PyTorch.md",
    "Images/Pasted image 20250723112058.png",
    "Images/Pasted image 20250723112054.png",
    "Images/Pasted image 20250721140748.png",
    "Images/Pasted image 20250718102721.png",
    "Images/Pasted image 20250626153308.png",
    "Images/Pasted image 20250711112929.png",
    "Images/Pasted image 20250704094157.png",
    "Images/Pasted image 20250704095113.png"
  ]
}